{
    "bodies": [
      {
        "aabb": {
          "center": [
            0.0, 
            0.0, 
            0.195
          ], 
          "extents": [
            4.1, 
            2.1, 
            0.20500000000000002
          ]
        }, 
        "links": [
          [
            {
              "color": {
              "a": 1.0, 
              "b": 0.550000011920929, 
              "g": 0.699999988079071, 
              "r": 0.8199999928474426
              }, 
              "extents": [
                4.0, 
                2.0, 
                0.1
              ], 
              "point": {
                "x": 0.0, 
                "y": 0.0, 
                "z": -0.1
              }, 
              "quat": {
                "w": 1.0, 
                "x": 0.0, 
                "y": 0.0, 
                "z": 0.0
              }, 
              "specular": [
                0.0, 
                0.0, 
                0.0
              ], 
              "type": "box"
            }, 
            {
              "color": {
                "a": 1.0, 
                "b": 0.550000011920929, 
                "g": 0.699999988079071, 
                "r": 0.8199999928474426
              }, 
              "extents": [
                0.1, 
                1.8, 
                0.1
              ], 
              "point": {
                "x": 3.9, 
                "y": 0.0, 
                "z": 0.1
              }, 
              "quat": {
                "w": 1.0, 
                "x": 0.0, 
                "y": 0.0, 
                "z": 0.0
              }, 
              "specular": [
                0.0, 
                0.0, 
                0.0
              ], 
              "type": "box"
            }, 
            {
              "color": {
                "a": 1.0, 
                "b": 0.550000011920929, 
                "g": 0.699999988079071, 
                "r": 0.8199999928474426
              }, 
              "extents": [
                0.1, 
                1.8, 
                0.1
              ], 
              "point": {
                "x": -3.9, 
                "y": 0.0, 
                "z": 0.1
              }, 
              "quat": {
                "w": 1.0, 
                "x": 0.0, 
                "y": 0.0, 
                "z": 0.0
              }, 
              "specular": [
                0.0, 
                0.0, 
                0.0
              ], 
              "type": "box"
            }, 
            {
              "color": {
                "a": 1.0, 
                "b": 0.550000011920929, 
                "g": 0.699999988079071, 
                "r": 0.8199999928474426
              }, 
              "extents": [
                4.0, 
                0.1, 
                0.1
              ], 
              "point": {
                "x": 0.0, 
                "y": 1.9, 
                "z": 0.1
              }, 
              "quat": {
                "w": 1.0, 
                "x": 0.0, 
                "y": 0.0, 
                "z": 0.0
              }, 
              "specular": [
                0.0, 
                0.0, 
                0.0
              ], 
              "type": "box"
            }, 
            {
              "color": {
                "a": 1.0, 
                "b": 0.550000011920929, 
                "g": 0.699999988079071, 
                "r": 0.8199999928474426
              }, 
              "extents": [
                4.0, 
                0.1, 
                0.1
              ], 
              "point": {
                "x": 0.0, 
                "y": -1.9, 
                "z": 0.1
              }, 
              "quat": {
                "w": 1.0, 
                "x": 0.0, 
                "y": 0.0, 
                "z": 0.0
              }, 
              "specular": [
                0.0, 
                0.0, 
                0.0
              ], 
              "type": "box"
            }
          ]
        ], 
        "name": "floorwalls", 
        "point": {
          "x": 0.0, 
          "y": 0.0, 
          "z": 0.0
        }, 
        "quat": {
          "w": 1.0, 
          "x": 0.0, 
          "y": 0.0, 
          "z": 0.0
        }
      }, 
      {
        "aabb": {
          "center": [
            0.8, 
            -0.565, 
            1.0
          ], 
          "extents": [
            0.1, 
            1.235, 
            1.0
          ]
        }, 
        "links": [
          [
            {
              "color": {
              "a": 1.0, 
              "b": 0.550000011920929, 
              "g": 0.699999988079071, 
              "r": 0.8199999928474426
              }, 
              "extents": [
                0.1, 
                1.235, 
                1.0
              ], 
              "point": {
                "x": 0.8, 
                "y": -0.565, 
                "z": 1.0
              }, 
              "quat": {
                "w": 1.0, 
                "x": 0.0, 
                "y": 0.0, 
                "z": 0.0
              }, 
              "specular": [
                0.0, 
                0.0, 
                0.0
              ], 
              "type": "box"
            },
            {
              "color": {
              "a": 1.0, 
              "b": 0.550000011920929, 
              "g": 0.699999988079071, 
              "r": 0.8199999928474426
              }, 
              "extents": [
                0.1, 
                1.8, 
                0.25
              ], 
              "point": {
                "x": 0.8, 
                "y": 0.0, 
                "z": 2.25
              }, 
              "quat": {
                "w": 1.0, 
                "x": 0.0, 
                "y": 0.0, 
                "z": 0.0
              }, 
              "specular": [
                0.0, 
                0.0, 
                0.0
              ], 
              "type": "box"
            }
          ]
        ], 
        "name": "midWall1", 
        "point": {
          "x": 0.0, 
          "y": 0.0, 
          "z": 0.0
        }, 
        "quat": {
          "w": 1.0, 
          "x": 0.0, 
          "y": 0.0, 
          "z": 0.0
        }
      },
      {
        "aabb": {
          "center": [
            0.8, 
            1.65, 
            1.0
          ], 
          "extents": [
            0.1, 
            0.15, 
            1.0
          ]
        }, 
        "links": [
          [
            {
              "color": {
              "a": 1.0, 
              "b": 0.550000011920929, 
              "g": 0.699999988079071, 
              "r": 0.8199999928474426
              }, 
              "extents": [
                0.1, 
                0.15, 
                1.0
              ], 
              "point": {
                "x": 0.8, 
                "y": 1.65, 
                "z": 1.0
              }, 
              "quat": {
                "w": 1.0, 
                "x": 0.0, 
                "y": 0.0, 
                "z": 0.0
              }, 
              "specular": [
                0.0, 
                0.0, 
                0.0
              ], 
              "type": "box"
            }
          ]
        ], 
        "name": "midWall2", 
        "point": {
          "x": 0.0, 
          "y": 0.0, 
          "z": 0.0
        }, 
        "quat": {
          "w": 1.0, 
          "x": 0.0, 
          "y": 0.0, 
          "z": 0.0
        }
      },
      {
        "aabb": {
          "center": [
            0.0, 
            0.0, 
            -0.37
          ], 
          "extents": [
            0.3, 
            0.6, 
            0.37
          ]
        }, 
        "links": [
          [
            {
              "color": {
                "a": 1.0, 
                "b": 1.0, 
                "g": 1.0, 
                "r": 1.0
              }, 
              "extents": [
                0.3, 
                0.6, 
                0.015
              ], 
              "point": {
                "x": 0.0, 
                "y": 0.0, 
                "z": -0.015
              }, 
              "quat": {
                "w": 1.0, 
                "x": 0.0, 
                "y": 0.0, 
                "z": 0.0
              }, 
              "specular": [
                0.0, 
                0.0, 
                0.0
              ], 
              "type": "box"
            }, 
            {
              "color": {
                "a": 1.0, 
                "b": 0.0, 
                "g": 0.0, 
                "r": 1.0
              }, 
              "height": 0.71, 
              "point": {
                "x": 0.22, 
                "y": -0.52, 
                "z": -0.385
              }, 
              "quat": {
                "w": 2.220446049250313e-16, 
                "x": 1.0, 
                "y": 0.0, 
                "z": 0.0
              }, 
              "radius": 0.027, 
              "specular": [
                0.0, 
                0.0, 
                0.0
              ], 
              "type": "cylinder"
            }, 
            {
              "color": {
                "a": 1.0, 
                "b": 0.0, 
                "g": 0.0, 
                "r": 1.0
              }, 
              "height": 0.71, 
              "point": {
                "x": -0.22, 
                "y": -0.52, 
                "z": -0.385
              }, 
              "quat": {
                "w": 2.220446049250313e-16, 
                "x": 1.0, 
                "y": 0.0, 
                "z": 0.0
              }, 
              "radius": 0.027, 
              "specular": [
                0.0, 
                0.0, 
                0.0
              ], 
              "type": "cylinder"
            }, 
            {
              "color": {
                "a": 1.0, 
                "b": 0.0, 
                "g": 0.0, 
                "r": 1.0
              }, 
              "height": 0.71, 
              "point": {
                "x": -0.22, 
                "y": 0.52, 
                "z": -0.385
              }, 
              "quat": {
                "w": 2.220446049250313e-16, 
                "x": 1.0, 
                "y": 0.0, 
                "z": 0.0
              }, 
              "radius": 0.027, 
              "specular": [
                0.0, 
                0.0, 
                0.0
              ], 
              "type": "cylinder"
            }, 
            {
              "color": {
                "a": 1.0, 
                "b": 0.0, 
                "g": 0.0, 
                "r": 1.0
              }, 
              "height": 0.71, 
              "point": {
                "x": 0.22, 
                "y": 0.52, 
                "z": -0.385
              }, 
              "quat": {
                "w": 2.220446049250313e-16, 
                "x": 1.0, 
                "y": 0.0, 
                "z": 0.0
              }, 
              "radius": 0.027, 
              "specular": [
                0.0, 
                0.0, 
                0.0
              ], 
              "type": "cylinder"
            }
          ]
        ], 
        "name": "ikeatable1", 
        "point": {
          "x": -2.3, 
          "y": -0.3, 
          "z": 0.74
        }, 
        "quat": {
          "w": 0.7071068, 
          "x": 0.0, 
          "y": 0.0, 
          "z": 0.7071068
        }
      },
      {
        "aabb": {
          "center": [
            0.0, 
            0.0, 
            -0.37
          ], 
          "extents": [
            0.3, 
            0.6, 
            0.37
          ]
        }, 
        "links": [
          [
            {
              "color": {
                "a": 1.0, 
                "b": 1.0, 
                "g": 1.0, 
                "r": 1.0
              }, 
              "extents": [
                0.3, 
                0.6, 
                0.015
              ], 
              "point": {
                "x": 0.0, 
                "y": 0.0, 
                "z": -0.015
              }, 
              "quat": {
                "w": 1.0, 
                "x": 0.0, 
                "y": 0.0, 
                "z": 0.0
              }, 
              "specular": [
                0.0, 
                0.0, 
                0.0
              ], 
              "type": "box"
            }, 
            {
              "color": {
                "a": 1.0, 
                "b": 0.0, 
                "g": 0.0, 
                "r": 1.0
              }, 
              "height": 0.71, 
              "point": {
                "x": 0.22, 
                "y": -0.52, 
                "z": -0.385
              }, 
              "quat": {
                "w": 2.220446049250313e-16, 
                "x": 1.0, 
                "y": 0.0, 
                "z": 0.0
              }, 
              "radius": 0.027, 
              "specular": [
                0.0, 
                0.0, 
                0.0
              ], 
              "type": "cylinder"
            }, 
            {
              "color": {
                "a": 1.0, 
                "b": 0.0, 
                "g": 0.0, 
                "r": 1.0
              }, 
              "height": 0.71, 
              "point": {
                "x": -0.22, 
                "y": -0.52, 
                "z": -0.385
              }, 
              "quat": {
                "w": 2.220446049250313e-16, 
                "x": 1.0, 
                "y": 0.0, 
                "z": 0.0
              }, 
              "radius": 0.027, 
              "specular": [
                0.0, 
                0.0, 
                0.0
              ], 
              "type": "cylinder"
            }, 
            {
              "color": {
                "a": 1.0, 
                "b": 0.0, 
                "g": 0.0, 
                "r": 1.0
              }, 
              "height": 0.71, 
              "point": {
                "x": -0.22, 
                "y": 0.52, 
                "z": -0.385
              }, 
              "quat": {
                "w": 2.220446049250313e-16, 
                "x": 1.0, 
                "y": 0.0, 
                "z": 0.0
              }, 
              "radius": 0.027, 
              "specular": [
                0.0, 
                0.0, 
                0.0
              ], 
              "type": "cylinder"
            }, 
            {
              "color": {
                "a": 1.0, 
                "b": 0.0, 
                "g": 0.0, 
                "r": 1.0
              }, 
              "height": 0.71, 
              "point": {
                "x": 0.22, 
                "y": 0.52, 
                "z": -0.385
              }, 
              "quat": {
                "w": 2.220446049250313e-16, 
                "x": 1.0, 
                "y": 0.0, 
                "z": 0.0
              }, 
              "radius": 0.027, 
              "specular": [
                0.0, 
                0.0, 
                0.0
              ], 
              "type": "cylinder"
            }
          ]
        ], 
        "name": "ikeatable2", 
        "point": {
          "x": -2.3, 
          "y": 0.3, 
          "z": 0.74
        }, 
        "quat": {
          "w": 0.7071068, 
          "x": 0.0, 
          "y": 0.0, 
          "z": 0.7071068
        }
      },
      {
        "aabb": {
          "center": [
            0.0, 
            0.0, 
            -0.37
          ], 
          "extents": [
            0.3, 
            0.6, 
            0.37
          ]
        }, 
        "links": [
          [
            {
              "color": {
                "a": 1.0, 
                "b": 1.0, 
                "g": 1.0, 
                "r": 1.0
              }, 
              "extents": [
                0.3, 
                0.6, 
                0.015
              ], 
              "point": {
                "x": 0.0, 
                "y": 0.0, 
                "z": -0.015
              }, 
              "quat": {
                "w": 1.0, 
                "x": 0.0, 
                "y": 0.0, 
                "z": 0.0
              }, 
              "specular": [
                0.0, 
                0.0, 
                0.0
              ], 
              "type": "box"
            }, 
            {
              "color": {
                "a": 1.0, 
                "b": 0.0, 
                "g": 0.0, 
                "r": 1.0
              }, 
              "height": 0.71, 
              "point": {
                "x": 0.22, 
                "y": -0.52, 
                "z": -0.385
              }, 
              "quat": {
                "w": 2.220446049250313e-16, 
                "x": 1.0, 
                "y": 0.0, 
                "z": 0.0
              }, 
              "radius": 0.027, 
              "specular": [
                0.0, 
                0.0, 
                0.0
              ], 
              "type": "cylinder"
            }, 
            {
              "color": {
                "a": 1.0, 
                "b": 0.0, 
                "g": 0.0, 
                "r": 1.0
              }, 
              "height": 0.71, 
              "point": {
                "x": -0.22, 
                "y": -0.52, 
                "z": -0.385
              }, 
              "quat": {
                "w": 2.220446049250313e-16, 
                "x": 1.0, 
                "y": 0.0, 
                "z": 0.0
              }, 
              "radius": 0.027, 
              "specular": [
                0.0, 
                0.0, 
                0.0
              ], 
              "type": "cylinder"
            }, 
            {
              "color": {
                "a": 1.0, 
                "b": 0.0, 
                "g": 0.0, 
                "r": 1.0
              }, 
              "height": 0.71, 
              "point": {
                "x": -0.22, 
                "y": 0.52, 
                "z": -0.385
              }, 
              "quat": {
                "w": 2.220446049250313e-16, 
                "x": 1.0, 
                "y": 0.0, 
                "z": 0.0
              }, 
              "radius": 0.027, 
              "specular": [
                0.0, 
                0.0, 
                0.0
              ], 
              "type": "cylinder"
            }, 
            {
              "color": {
                "a": 1.0, 
                "b": 0.0, 
                "g": 0.0, 
                "r": 1.0
              }, 
              "height": 0.71, 
              "point": {
                "x": 0.22, 
                "y": 0.52, 
                "z": -0.385
              }, 
              "quat": {
                "w": 2.220446049250313e-16, 
                "x": 1.0, 
                "y": 0.0, 
                "z": 0.0
              }, 
              "radius": 0.027, 
              "specular": [
                0.0, 
                0.0, 
                0.0
              ], 
              "type": "cylinder"
            }
          ]
        ], 
        "name": "ikeatable3", 
        "point": {
          "x": -1.1, 
          "y": -0.3, 
          "z": 0.74
        }, 
        "quat": {
          "w": 0.7071068, 
          "x": 0.0, 
          "y": 0.0, 
          "z": 0.7071068
        }
      },
      {
        "aabb": {
          "center": [
            0.0, 
            0.0, 
            -0.37
          ], 
          "extents": [
            0.3, 
            0.6, 
            0.37
          ]
        }, 
        "links": [
          [
            {
              "color": {
                "a": 1.0, 
                "b": 1.0, 
                "g": 1.0, 
                "r": 1.0
              }, 
              "extents": [
                0.3, 
                0.6, 
                0.015
              ], 
              "point": {
                "x": 0.0, 
                "y": 0.0, 
                "z": -0.015
              }, 
              "quat": {
                "w": 1.0, 
                "x": 0.0, 
                "y": 0.0, 
                "z": 0.0
              }, 
              "specular": [
                0.0, 
                0.0, 
                0.0
              ], 
              "type": "box"
            }, 
            {
              "color": {
                "a": 1.0, 
                "b": 0.0, 
                "g": 0.0, 
                "r": 1.0
              }, 
              "height": 0.71, 
              "point": {
                "x": 0.22, 
                "y": -0.52, 
                "z": -0.385
              }, 
              "quat": {
                "w": 2.220446049250313e-16, 
                "x": 1.0, 
                "y": 0.0, 
                "z": 0.0
              }, 
              "radius": 0.027, 
              "specular": [
                0.0, 
                0.0, 
                0.0
              ], 
              "type": "cylinder"
            }, 
            {
              "color": {
                "a": 1.0, 
                "b": 0.0, 
                "g": 0.0, 
                "r": 1.0
              }, 
              "height": 0.71, 
              "point": {
                "x": -0.22, 
                "y": -0.52, 
                "z": -0.385
              }, 
              "quat": {
                "w": 2.220446049250313e-16, 
                "x": 1.0, 
                "y": 0.0, 
                "z": 0.0
              }, 
              "radius": 0.027, 
              "specular": [
                0.0, 
                0.0, 
                0.0
              ], 
              "type": "cylinder"
            }, 
            {
              "color": {
                "a": 1.0, 
                "b": 0.0, 
                "g": 0.0, 
                "r": 1.0
              }, 
              "height": 0.71, 
              "point": {
                "x": -0.22, 
                "y": 0.52, 
                "z": -0.385
              }, 
              "quat": {
                "w": 2.220446049250313e-16, 
                "x": 1.0, 
                "y": 0.0, 
                "z": 0.0
              }, 
              "radius": 0.027, 
              "specular": [
                0.0, 
                0.0, 
                0.0
              ], 
              "type": "cylinder"
            }, 
            {
              "color": {
                "a": 1.0, 
                "b": 0.0, 
                "g": 0.0, 
                "r": 1.0
              }, 
              "height": 0.71, 
              "point": {
                "x": 0.22, 
                "y": 0.52, 
                "z": -0.385
              }, 
              "quat": {
                "w": 2.220446049250313e-16, 
                "x": 1.0, 
                "y": 0.0, 
                "z": 0.0
              }, 
              "radius": 0.027, 
              "specular": [
                0.0, 
                0.0, 
                0.0
              ], 
              "type": "cylinder"
            }
          ]
        ], 
        "name": "ikeatable4", 
        "point": {
          "x": -1.1, 
          "y": 0.3, 
          "z": 0.74
        }, 
        "quat": {
          "w": 0.7071068, 
          "x": 0.0, 
          "y": 0.0, 
          "z": 0.7071068
        }
      },
      {
        "aabb": {
          "center": [
            0.0, 
            0.0, 
            -0.37
          ], 
          "extents": [
            0.3, 
            0.6, 
            0.37
          ]
        }, 
        "links": [
          [
            {
              "color": {
                "a": 1.0, 
                "b": 1.0, 
                "g": 1.0, 
                "r": 1.0
              }, 
              "extents": [
                0.3, 
                0.6, 
                0.015
              ], 
              "point": {
                "x": 0.0, 
                "y": 0.0, 
                "z": -0.015
              }, 
              "quat": {
                "w": 1.0, 
                "x": 0.0, 
                "y": 0.0, 
                "z": 0.0
              }, 
              "specular": [
                0.0, 
                0.0, 
                0.0
              ], 
              "type": "box"
            }, 
            {
              "color": {
                "a": 1.0, 
                "b": 0.0, 
                "g": 0.0, 
                "r": 1.0
              }, 
              "height": 0.71, 
              "point": {
                "x": 0.22, 
                "y": -0.52, 
                "z": -0.385
              }, 
              "quat": {
                "w": 2.220446049250313e-16, 
                "x": 1.0, 
                "y": 0.0, 
                "z": 0.0
              }, 
              "radius": 0.027, 
              "specular": [
                0.0, 
                0.0, 
                0.0
              ], 
              "type": "cylinder"
            }, 
            {
              "color": {
                "a": 1.0, 
                "b": 0.0, 
                "g": 0.0, 
                "r": 1.0
              }, 
              "height": 0.71, 
              "point": {
                "x": -0.22, 
                "y": -0.52, 
                "z": -0.385
              }, 
              "quat": {
                "w": 2.220446049250313e-16, 
                "x": 1.0, 
                "y": 0.0, 
                "z": 0.0
              }, 
              "radius": 0.027, 
              "specular": [
                0.0, 
                0.0, 
                0.0
              ], 
              "type": "cylinder"
            }, 
            {
              "color": {
                "a": 1.0, 
                "b": 0.0, 
                "g": 0.0, 
                "r": 1.0
              }, 
              "height": 0.71, 
              "point": {
                "x": -0.22, 
                "y": 0.52, 
                "z": -0.385
              }, 
              "quat": {
                "w": 2.220446049250313e-16, 
                "x": 1.0, 
                "y": 0.0, 
                "z": 0.0
              }, 
              "radius": 0.027, 
              "specular": [
                0.0, 
                0.0, 
                0.0
              ], 
              "type": "cylinder"
            }, 
            {
              "color": {
                "a": 1.0, 
                "b": 0.0, 
                "g": 0.0, 
                "r": 1.0
              }, 
              "height": 0.71, 
              "point": {
                "x": 0.22, 
                "y": 0.52, 
                "z": -0.385
              }, 
              "quat": {
                "w": 2.220446049250313e-16, 
                "x": 1.0, 
                "y": 0.0, 
                "z": 0.0
              }, 
              "radius": 0.027, 
              "specular": [
                0.0, 
                0.0, 
                0.0
              ], 
              "type": "cylinder"
            }
          ]
        ], 
        "name": "ikeatable5", 
        "point": {
          "x": 3.5, 
          "y": -1.2, 
          "z": 0.74
        }, 
        "quat": {
          "w": 0.0, 
          "x": 0.0, 
          "y": 0.0, 
          "z": 1
        }
      },
      {
        "aabb": {
          "center": [
            0.0, 
            0.0, 
            -0.37
          ], 
          "extents": [
            0.3, 
            0.6, 
            0.37
          ]
        }, 
        "links": [
          [
            {
              "color": {
                "a": 1.0, 
                "b": 1.0, 
                "g": 1.0, 
                "r": 1.0
              }, 
              "extents": [
                0.3, 
                0.6, 
                0.015
              ], 
              "point": {
                "x": 0.0, 
                "y": 0.0, 
                "z": -0.015
              }, 
              "quat": {
                "w": 1.0, 
                "x": 0.0, 
                "y": 0.0, 
                "z": 0.0
              }, 
              "specular": [
                0.0, 
                0.0, 
                0.0
              ], 
              "type": "box"
            }, 
            {
              "color": {
                "a": 1.0, 
                "b": 0.0, 
                "g": 0.0, 
                "r": 1.0
              }, 
              "height": 0.71, 
              "point": {
                "x": 0.22, 
                "y": -0.52, 
                "z": -0.385
              }, 
              "quat": {
                "w": 2.220446049250313e-16, 
                "x": 1.0, 
                "y": 0.0, 
                "z": 0.0
              }, 
              "radius": 0.027, 
              "specular": [
                0.0, 
                0.0, 
                0.0
              ], 
              "type": "cylinder"
            }, 
            {
              "color": {
                "a": 1.0, 
                "b": 0.0, 
                "g": 0.0, 
                "r": 1.0
              }, 
              "height": 0.71, 
              "point": {
                "x": -0.22, 
                "y": -0.52, 
                "z": -0.385
              }, 
              "quat": {
                "w": 2.220446049250313e-16, 
                "x": 1.0, 
                "y": 0.0, 
                "z": 0.0
              }, 
              "radius": 0.027, 
              "specular": [
                0.0, 
                0.0, 
                0.0
              ], 
              "type": "cylinder"
            }, 
            {
              "color": {
                "a": 1.0, 
                "b": 0.0, 
                "g": 0.0, 
                "r": 1.0
              }, 
              "height": 0.71, 
              "point": {
                "x": -0.22, 
                "y": 0.52, 
                "z": -0.385
              }, 
              "quat": {
                "w": 2.220446049250313e-16, 
                "x": 1.0, 
                "y": 0.0, 
                "z": 0.0
              }, 
              "radius": 0.027, 
              "specular": [
                0.0, 
                0.0, 
                0.0
              ], 
              "type": "cylinder"
            }, 
            {
              "color": {
                "a": 1.0, 
                "b": 0.0, 
                "g": 0.0, 
                "r": 1.0
              }, 
              "height": 0.71, 
              "point": {
                "x": 0.22, 
                "y": 0.52, 
                "z": -0.385
              }, 
              "quat": {
                "w": 2.220446049250313e-16, 
                "x": 1.0, 
                "y": 0.0, 
                "z": 0.0
              }, 
              "radius": 0.027, 
              "specular": [
                0.0, 
                0.0, 
                0.0
              ], 
              "type": "cylinder"
            }
          ]
        ], 
        "name": "ikeatable6", 
        "point": {
          "x": 3.5, 
          "y": 1.2, 
          "z": 0.74
        }, 
        "quat": {
          "w": 0.0, 
          "x": 0.0, 
          "y": 0.0, 
          "z": 1
        }
      }
    ], 
    "camera": {
      "point": {
        "x": 0.0, 
        "y": -4.0, 
        "z": 5.0
      }, 
      "quat": {
        "w": -0.3006393848790935, 
        "x": 0.9537378886567945, 
        "y": 0.0, 
        "z": 0.0
      }
    }, 
    "name": "simple", 
    "robots": [
      {
        "conf": {
          "bl_caster_l_wheel_joint": [
            0.0
          ], 
          "bl_caster_r_wheel_joint": [
            0.0
          ], 
          "bl_caster_rotation_joint": [
            0.0
          ], 
          "br_caster_l_wheel_joint": [
            0.0
          ], 
          "br_caster_r_wheel_joint": [
            0.0
          ], 
          "br_caster_rotation_joint": [
            0.0
          ], 
          "fl_caster_l_wheel_joint": [
            0.0
          ], 
          "fl_caster_r_wheel_joint": [
            0.0
          ], 
          "fl_caster_rotation_joint": [
            0.0
          ], 
          "fr_caster_l_wheel_joint": [
            0.0
          ], 
          "fr_caster_r_wheel_joint": [
            0.0
          ], 
          "fr_caster_rotation_joint": [
            0.0
          ], 
          "head_pan_joint": [
            0.0
          ], 
          "head_tilt_joint": [
            0.0
          ], 
          "l_elbow_flex_joint": [
            -2.32099996
          ], 
          "l_forearm_roll_joint": [
            3.5407791217927564e-33
          ], 
          "l_gripper_l_finger_joint": [
            0.0
          ], 
          "l_shoulder_lift_joint": [
            1.29023451
          ], 
          "l_shoulder_pan_joint": [
            0.0
          ], 
          "l_upper_arm_roll_joint": [
            0.0
          ], 
          "l_wrist_flex_joint": [
            -0.69800004
          ], 
          "l_wrist_roll_joint": [
            2.076803138743828e-33
          ], 
          "laser_tilt_mount_joint": [
            0.0
          ], 
          "r_elbow_flex_joint": [
            -2.32100002
          ], 
          "r_forearm_roll_joint": [
            3.5407791217927564e-33
          ], 
          "r_gripper_l_finger_joint": [
            0.0
          ], 
          "r_shoulder_lift_joint": [
            1.27843491
          ], 
          "r_shoulder_pan_joint": [
            0.0
          ], 
          "r_upper_arm_roll_joint": [
            0.0
          ], 
          "r_wrist_flex_joint": [
            -0.69799996
          ], 
          "r_wrist_roll_joint": [
            2.076803138743828e-33
          ], 
          "torso_lift_joint": [
            0.011499999999999955
          ]
        }, 
        "name": "pr2", 
        "point": {
          "x": -3.4, 
          "y": -1.4, 
          "z": 0.05
        }, 
        "quat": {
          "w": 1.0, 
          "x": 0.0, 
          "y": 0.0, 
          "z": 0.0
        }
      }
    ]
  }