{
    "bodies": [
      {
        "aabb": {
          "center": [
            0.0, 
            0.0, 
            0.195
          ], 
          "extents": [
            2.6, 
            2.6, 
            0.20500000000000002
          ]
        }, 
        "links": [
          [
            {
              "color": {
              "a": 1.0, 
              "b": 0.550000011920929, 
              "g": 0.699999988079071, 
              "r": 0.8199999928474426
              }, 
              "extents": [
                2.5, 
                0.01, 
                0.2
              ], 
              "point": {
                "x": 0.0, 
                "y": -2.5, 
                "z": 0.2
              }, 
              "quat": {
                "w": 1.0, 
                "x": 0.0, 
                "y": 0.0, 
                "z": 0.0
              }, 
              "specular": [
                0.0, 
                0.0, 
                0.0
              ], 
              "type": "box"
            }, 
            {
              "color": {
                "a": 1.0, 
                "b": 0.550000011920929, 
                "g": 0.699999988079071, 
                "r": 0.8199999928474426
              }, 
              "extents": [
                2.5, 
                0.01, 
                0.2
              ], 
              "point": {
                "x": 0.0, 
                "y": 2.5, 
                "z": 0.2
              }, 
              "quat": {
                "w": 1.0, 
                "x": 0.0, 
                "y": 0.0, 
                "z": 0.0
              }, 
              "specular": [
                0.0, 
                0.0, 
                0.0
              ], 
              "type": "box"
            }, 
            {
              "color": {
                "a": 1.0, 
                "b": 0.550000011920929, 
                "g": 0.699999988079071, 
                "r": 0.8199999928474426
              }, 
              "extents": [
                0.01, 
                2.5, 
                0.2
              ], 
              "point": {
                "x": 2.5, 
                "y": 0.0, 
                "z": 0.2
              }, 
              "quat": {
                "w": 1.0, 
                "x": 0.0, 
                "y": 0.0, 
                "z": 0.0
              }, 
              "specular": [
                0.0, 
                0.0, 
                0.0
              ], 
              "type": "box"
            }, 
            {
              "color": {
                "a": 1.0, 
                "b": 0.550000011920929, 
                "g": 0.699999988079071, 
                "r": 0.8199999928474426
              }, 
              "extents": [
                0.01, 
                -2.5, 
                0.2
              ], 
              "point": {
                "x": -2.5, 
                "y": 0.0, 
                "z": 0.2
              }, 
              "quat": {
                "w": 1.0, 
                "x": 0.0, 
                "y": 0.0, 
                "z": 0.0
              }, 
              "specular": [
                0.0, 
                0.0, 
                0.0
              ], 
              "type": "box"
            }, 
            {
              "color": {
                "a": 1.0, 
                "b": 0.550000011920929, 
                "g": 0.699999988079071, 
                "r": 0.8199999928474426
              }, 
              "extents": [
                2.5, 
                2.5, 
                0.005
              ], 
              "point": {
                "x": 0.0, 
                "y": 0.0, 
                "z": -0.005
              }, 
              "quat": {
                "w": 1.0, 
                "x": 0.0, 
                "y": 0.0, 
                "z": 0.0
              }, 
              "specular": [
                0.0, 
                0.0, 
                0.0
              ], 
              "type": "box"
            }
          ]
        ], 
        "name": "floorwalls", 
        "point": {
          "x": 0.0, 
          "y": 0.0, 
          "z": 0.0
        }, 
        "quat": {
          "w": 1.0, 
          "x": 0.0, 
          "y": 0.0, 
          "z": 0.0
        }
      },
      {
        "aabb": {
          "center": [
            0.0, 
            0.0, 
            0.195
          ], 
          "extents": [
            2.6, 
            2.6, 
            0.20500000000000002
          ]
        }, 
        "links": [
          [
            {
              "color": {
                "a": 1.0, 
                "b": 1.0, 
                "g": 1.0, 
                "r": 1.0
              }, 
              "height": 0.01, 
              "point": {
                "x": 0.0, 
                "y": 0.0, 
                "z": 0.0
              }, 
              "quat": {
                "w": 2.220446049250313e-16, 
                "x": 1.0, 
                "y": 0.0, 
                "z": 0.0
              }, 
              "radius": 0.3, 
              "specular": [
                0.0, 
                0.0, 
                0.0
              ], 
              "type": "cylinder"
            },
            {
              "color": {
                "a": 1.0, 
                "b": 1.0, 
                "g": 1.0, 
                "r": 1.0
              }, 
              "extents": [
                0.01, 
                0.15, 
                0.355
              ], 
              "point": {
                "x": 0.0, 
                "y": 0.15, 
                "z": -0.355
              }, 
              "quat": {
                "w": 0.7071068, 
                "x": 0.0, 
                "y": 0.0, 
                "z": 0.7071068
              }, 
              "specular": [
                0.0, 
                0.0, 
                0.0
              ], 
              "type": "box"
            },
            {
              "color": {
                "a": 1.0, 
                "b": 1.0, 
                "g": 1.0, 
                "r": 1.0
              }, 
              "extents": [
                0.01, 
                0.15, 
                0.355
              ], 
              "point": {
                "x": 0.0, 
                "y": -0.15, 
                "z": -0.355
              }, 
              "quat": {
                "w": 0.7071068, 
                "x": 0.0, 
                "y": 0.0, 
                "z": 0.7071068
              }, 
              "specular": [
                0.0, 
                0.0, 
                0.0
              ], 
              "type": "box"
            },
            {
              "color": {
                "a": 1.0, 
                "b": 1.0, 
                "g": 1.0, 
                "r": 1.0
              }, 
              "extents": [
                0.3, 
                0.3, 
                0.05
              ], 
              "point": {
                "x": 0.0, 
                "y": 0.0,
                "z": -0.71
              }, 
              "quat": {
                "w": 0.7071068, 
                "x": 0.0, 
                "y": 0.0, 
                "z": 0.7071068
              }, 
              "specular": [
                0.0, 
                0.0, 
                0.0
              ], 
              "type": "box"
            }
          ]
        ], 
        "name": "roundtable", 
        "point": {
          "x": -0.0671, 
          "y": -0.0819, 
          "z":  0.755
        }, 
        "quat": {
          "w": 1.0, 
          "x": 0.0, 
          "y": 0.0, 
          "z": 0.0
        }
      },
      {
        "aabb": {
          "center": [
            0.0, 
            0.0, 
            0.195
          ], 
          "extents": [
            2.6, 
            2.6, 
            0.20500000000000002
          ]
        }, 
        "links": [
          [
            {
              "color": {
                "a": 0.5, 
                "b": 0.0, 
                "g": 0.0, 
                "r": 0.6
              }, 
              "height": 0.08, 
              "point": {
                "x": 0.0, 
                "y": 0.0, 
                "z": 0.0
              }, 
              "quat": {
                "w": 2.220446049250313e-16, 
                "x": 1.0, 
                "y": 0.0, 
                "z": 0.0
              }, 
              "radius": 0.03, 
              "specular": [
                0.0, 
                0.0, 
                0.0
              ], 
              "type": "cylinder"
            }
          ]
        ], 
        "name": "mug1", 
        "point": {
          "x": -0.0568, 
          "y": -0.2406, 
          "z":  0.795
        }, 
        "quat": {
          "w": 1.0, 
          "x": 0.0, 
          "y": 0.0, 
          "z": 0.0
        }
      },
      {
        "aabb": {
          "center": [
            0.0, 
            0.0, 
            0.195
          ], 
          "extents": [
            2.6, 
            2.6, 
            0.20500000000000002
          ]
        }, 
        "links": [
          [
            {
              "color": {
                "a": 0.5, 
                "b": 0.0, 
                "g": 0.0, 
                "r": 0.6
              }, 
              "height": 0.08, 
              "point": {
                "x": 0.0, 
                "y": 0.0, 
                "z": 0.0
              }, 
              "quat": {
                "w": 2.220446049250313e-16, 
                "x": 1.0, 
                "y": 0.0, 
                "z": 0.0
              }, 
              "radius": 0.03, 
              "specular": [
                0.0, 
                0.0, 
                0.0
              ], 
              "type": "cylinder"
            }
          ]
        ], 
        "name": "mug2", 
        "point": {
          "x": -0.02, 
          "y":  0.15, 
          "z":  0.795
        }, 
        "quat": {
          "w": 1.0, 
          "x": 0.0, 
          "y": 0.0, 
          "z": 0.0
        }
      },
      {
        "aabb": {
          "center": [
            0.0, 
            0.0, 
            0.195
          ], 
          "extents": [
            2.6, 
            2.6, 
            0.20500000000000002
          ]
        }, 
        "links": [
          [
            {
              "color": {
                "a": 0.5, 
                "b": 0.0, 
                "g": 0.0, 
                "r": 0.6
              }, 
              "height": 0.08, 
              "point": {
                "x": 0.0, 
                "y": 0.0, 
                "z": 0.0
              }, 
              "quat": {
                "w": 2.220446049250313e-16, 
                "x": 1.0, 
                "y": 0.0, 
                "z": 0.0
              }, 
              "radius": 0.03, 
              "specular": [
                0.0, 
                0.0, 
                0.0
              ], 
              "type": "cylinder"
            }
          ]
        ], 
        "name": "mug3", 
        "point": {
          "x":  0.0854, 
          "y": -0.0769, 
          "z":  0.795
        }, 
        "quat": {
          "w": 1.0, 
          "x": 0.0, 
          "y": 0.0, 
          "z": 0.0
        }
      },
      {
        "aabb": {
          "center": [
            0.0, 
            0.0, 
            0.195
          ], 
          "extents": [
            2.6, 
            2.6, 
            0.20500000000000002
          ]
        }, 
        "links": [
          [
            {
              "color": {
                "a": 0.5, 
                "b": 0.0, 
                "g": 0.0, 
                "r": 0.6
              }, 
              "height": 0.08, 
              "point": {
                "x": 0.0, 
                "y": 0.0, 
                "z": 0.0
              }, 
              "quat": {
                "w": 2.220446049250313e-16, 
                "x": 1.0, 
                "y": 0.0, 
                "z": 0.0
              }, 
              "radius": 0.03, 
              "specular": [
                0.0, 
                0.0, 
                0.0
              ], 
              "type": "cylinder"
            }
          ]
        ], 
        "name": "mug4", 
        "point": {
          "x": -0.23, 
          "y": -0.1446, 
          "z":  0.795
        }, 
        "quat": {
          "w": 1.0, 
          "x": 0.0, 
          "y": 0.0, 
          "z": 0.0
        }
      },
      {
        "aabb": {
          "center": [
            0.0, 
            0.0, 
            0.195
          ], 
          "extents": [
            2.6, 
            2.6, 
            0.20500000000000002
          ]
        }, 
        "links": [
          [
            {
              "color": {
                "a": 0.5, 
                "b": 0.0, 
                "g": 0.0, 
                "r": 0.6
              }, 
              "height": 0.08, 
              "point": {
                "x": 0.0, 
                "y": 0.0, 
                "z": 0.0
              }, 
              "quat": {
                "w": 2.220446049250313e-16, 
                "x": 1.0, 
                "y": 0.0, 
                "z": 0.0
              }, 
              "radius": 0.03, 
              "specular": [
                0.0, 
                0.0, 
                0.0
              ], 
              "type": "cylinder"
            }
          ]
        ], 
        "name": "mug5", 
        "point": {
          "x": -0.1, 
          "y": -0.0151, 
          "z":  0.795
        }, 
        "quat": {
          "w": 1.0, 
          "x": 0.0, 
          "y": 0.0, 
          "z": 0.0
        }
      },
      {
        "aabb": {
          "center": [
            0.0, 
            0.0, 
            0.195
          ], 
          "extents": [
            2.6, 
            2.6, 
            0.20500000000000002
          ]
        }, 
        "links": [
          [
            {
              "color": {
                "a": 0.5, 
                "b": 0.0, 
                "g": 0.0, 
                "r": 0.6
              }, 
              "height": 0.08, 
              "point": {
                "x": 0.0, 
                "y": 0.0, 
                "z": 0.0
              }, 
              "quat": {
                "w": 2.220446049250313e-16, 
                "x": 1.0, 
                "y": 0.0, 
                "z": 0.0
              }, 
              "radius": 0.03, 
              "specular": [
                0.0, 
                0.0, 
                0.0
              ], 
              "type": "cylinder"
            }
          ]
        ], 
        "name": "mug6", 
        "point": {
          "x": -0.2, 
          "y":  0.11, 
          "z":  0.795
        }, 
        "quat": {
          "w": 1.0, 
          "x": 0.0, 
          "y": 0.0, 
          "z": 0.0
        }
      }
      
    ], 
    "camera": {
      "point": {
        "x": 0.930986, 
        "y": -1.233453, 
        "z": 2.412977
      }, 
      "quat": {
        "w": 0.4825337, 
        "x": -0.8290375, 
        "y": -0.2031099, 
        "z": 0.1964804
      }
    }, 
    "name": "simple", 
    "robots": [
      {
        "conf": {
          "bl_caster_l_wheel_joint": [
            0.0
          ], 
          "bl_caster_r_wheel_joint": [
            0.0
          ], 
          "bl_caster_rotation_joint": [
            0.0
          ], 
          "br_caster_l_wheel_joint": [
            0.0
          ], 
          "br_caster_r_wheel_joint": [
            0.0
          ], 
          "br_caster_rotation_joint": [
            0.0
          ], 
          "fl_caster_l_wheel_joint": [
            0.0
          ], 
          "fl_caster_r_wheel_joint": [
            0.0
          ], 
          "fl_caster_rotation_joint": [
            0.0
          ], 
          "fr_caster_l_wheel_joint": [
            0.0
          ], 
          "fr_caster_r_wheel_joint": [
            0.0
          ], 
          "fr_caster_rotation_joint": [
            0.0
          ], 
          "head_pan_joint": [
            0.0
          ], 
          "head_tilt_joint": [
            0.0
          ], 
          "l_elbow_flex_joint": [
            -1.548
          ], 
          "l_forearm_roll_joint": [
            -1.32
          ], 
          "l_gripper_l_finger_joint": [
            0.0
          ], 
          "l_shoulder_lift_joint": [
            1.19
          ], 
          "l_shoulder_pan_joint": [
            0.5
          ], 
          "l_upper_arm_roll_joint": [
            1.557
          ], 
          "l_wrist_flex_joint": [
            -0.1928
          ], 
          "l_wrist_roll_joint": [
            2.076803138743828e-33
          ], 
          "laser_tilt_mount_joint": [
            0.0
          ], 
          "r_elbow_flex_joint": [
            -2.32100002
          ], 
          "r_forearm_roll_joint": [
            3.5407791217927564e-33
          ], 
          "r_gripper_l_finger_joint": [
            0.0
          ], 
          "r_shoulder_lift_joint": [
            1.27843491
          ], 
          "r_shoulder_pan_joint": [
            0.0
          ], 
          "r_upper_arm_roll_joint": [
            0.0
          ], 
          "r_wrist_flex_joint": [
            -0.69799996
          ], 
          "r_wrist_roll_joint": [
            2.076803138743828e-33
          ], 
          "torso_lift_joint": [
            0.24
          ]
        }, 
        "name": "pr2", 
        "point": {
          "x": -0.75, 
          "y": -0.07551, 
          "z": 0.02
        }, 
        "quat": {
          "w": 1.0, 
          "x": 0.0, 
          "y": 0.0, 
          "z": 0.0
        }
      }
    ]
  }